{
  "version": "3.0",
  "defaultProvider": "cdnjs",
  "libraries": [
    {
      "library": "bootstrap@5.3.3",
      "destination": "wwwroot/lib/bootstrap/",
      "files": [
        "css/bootstrap.min.css",
        "css/bootstrap.min.css.map",
        "js/bootstrap.bundle.min.js",
        "js/bootstrap.bundle.min.js.map",
        "js/bootstrap.min.js",
        "js/bootstrap.min.js.map"
      ]
    }
,
{
  "provider": "cdnjs",
  "library": "bootstrap-icons@1.11.3",
  "destination": "wwwroot/lib/bootstrap-icons/",
  "files": [
    "bootstrap-icons.svg",
    "font/bootstrap-icons.css",
    "font/bootstrap-icons.json",
    "font/fonts/bootstrap-icons.woff",
    "font/fonts/bootstrap-icons.woff2"
  ]
}
]
}